Trade,UpdateTime,UpdatedDay,UpdatedTime,TradeTime,TradedDay,TradedTime,Desk,CapturedBy,TradeStatus,TraderId,Instrument,Reason,Nominal,FloatRef,LastResetDate,LastResetRate,Theta,Loss,Unexplained,EventTypeCategoryLevel1,BusinessLineLevel1,LossIndicator,exposure
26767684,19/03/2013 11:33,19,0.481655093,07/03/2013 11:04,7,0.461238426,5,4,2,5,22,5,0,LIBOR,NA,0,12233.7051,8752614,0.502808973,2,2,1,12.02041667
22564229,16/01/2013 08:34,16,0.357025463,04/01/2012 08:35,4,0.358020833,4,4,1,3,2,3,0,Fixed,NA,0,923.04298,4852231,2723654.083,4,2,1,377.9990046
24693071,01/03/2013 14:59,1,0.624664352,11/12/2012 14:30,11,0.604189815,7,2,2,5,14,9,132000000,JIBAR,11/12/2012,5.125,22098.772,4778224,-2.79E-09,1,2,1,80.02047454
3635227,19/03/2013 17:39,19,0.73556713,20/11/2008 17:29,20,0.728842593,9,1,1,6,17,4,-184281,Missing,NA,0,2543.98196,4724912,1959856.193,4,2,1,1580.006725
26115297,28/02/2013 18:00,28,0.750023148,20/02/2013 17:13,20,0.717511574,5,4,2,5,23,3,0,Missing,NA,0,1495.050485,2745404,0.315480443,4,2,1,8.032511574
25966481,15/02/2013 16:13,15,0.676030093,14/02/2013 12:00,14,0.5,7,4,1,7,20,1,50000000,Missing,NA,0,462.49742,2300991,-0.000000134,1,2,1,1.176030093
25966235,15/02/2013 16:13,15,0.676215278,14/02/2013 12:00,14,0.5,7,4,1,7,3,1,50000000,Fixed,NA,0,538.28067,2274620,-4.66E-10,1,2,1,1.176215278
25965946,15/02/2013 16:15,15,0.677418981,14/02/2013 12:00,14,0.5,7,4,1,7,3,1,50000000,Fixed,NA,0,7088.0361,2265535,0,1,2,1,1.177418981
1988892,24/01/2013 10:57,24,0.456805556,31/08/2011 17:00,31,0.708611111,10,4,1,6,16,8,0,Fixed,NA,6.25,15690.8619,1550244,243178.7043,3,3,1,511.7481944
12868852,30/01/2013 10:31,30,0.43880787,19/09/2012 12:54,19,0.53787037,2,4,1,2,4,3,-11042908,JIBAR,20/12/2012,NA,NA,1458521,0.632066971,4,2,1,132.9009375
26300359,11/03/2013 09:18,11,0.387743056,27/02/2013 12:00,27,0.5,5,4,2,5,14,16,-67651,Missing,NA,0,279131.3524,1340586,0.85248407,4,2,1,11.88774306
14530589,24/01/2013 10:57,24,0.456898148,07/04/2011 12:00,7,0.5,10,4,1,3,16,8,0,Fixed,NA,0,115443.516,1208009,62310.28113,3,3,1,657.9568981
2034247,24/01/2013 10:57,24,0.45681713,16/05/2008 12:00,16,0.5,9,4,1,6,16,8,0,Fixed,NA,3.55628745,14146.4233,1053766,173705.3849,3,2,1,1713.956817
14934901,04/01/2013 09:42,4,0.404560185,04/01/2012 08:35,4,0.358020833,9,1,1,2,12,3,3000000000,JIBAR,07/01/2013,0,-37045.3244,955214,1004.015404,4,2,1,366.0465394
25822925,28/02/2013 18:19,28,0.763645833,07/02/2013 12:00,7,0.5,2,1,2,2,23,4,0,Fixed,NA,3.45,-127.561475,884886,-0.04696,4,2,1,21.26364583
18801551,22/01/2013 14:23,22,0.599895833,25/10/2012 15:17,25,0.637291667,5,4,1,5,7,7,41251388,LIBOR,25/10/2012,0.31325,-62.1106,739986,0.539082362,3,2,1,88.96260417
23721420,28/02/2013 18:00,28,0.750023148,17/10/2012 16:58,17,0.707384259,5,4,1,5,23,3,0,Missing,NA,0,-440.83695,727291,0.0000135,4,2,1,134.0426389
874233,24/01/2013 13:19,24,0.555277778,07/01/2013 13:34,7,0.565520833,2,1,1,5,16,16,3000000,Fixed,NA,NA,NA,681177,NA,4,2,1,16.98975694
25160003,11/01/2013 08:38,11,0.36037037,04/01/2012 08:35,4,0.358020833,10,4,2,3,9,12,0,Fixed,NA,13.366,111.463727,661202,0.000000201,2,3,1,373.0023495
19119490,11/02/2013 09:30,11,0.396400463,08/02/2012 12:00,8,0.5,5,4,1,5,23,7,25511400,LIBOR,13/11/2012,0.31,-997.96838,654987,0.459517962,3,2,1,368.8964005
24990367,25/02/2013 16:40,25,0.694791667,27/12/2012 11:38,27,0.485,5,4,1,5,23,3,0,LIBOR,NA,0,1625.44004,647300,0,4,2,1,60.20979167
25774180,08/02/2013 08:47,8,0.366354167,06/02/2013 16:27,6,0.685439815,2,4,1,3,18,4,-2390000,Fixed,NA,10.5,-136.095919,551496,0.00000794,4,2,1,1.680914352
23968419,28/02/2013 18:00,28,0.750023148,31/10/2012 17:51,31,0.743842593,5,4,1,3,23,3,0,Missing,NA,0,-224.23732,549695,0.00000469,4,2,1,120.0061806
22715927,12/03/2013 13:20,12,0.555694444,31/08/2012 11:56,31,0.497268519,2,1,1,5,2,19,-5000000,Fixed,NA,9.88,-1245.19762,544724,235543.7613,4,2,1,193.0584259
24987118,04/03/2013 12:44,4,0.531006944,28/12/2012 10:09,28,0.423483796,5,4,1,5,4,4,53557,LIBOR,24/12/2012,0.31,140.02636,528350,0.337464485,4,2,1,66.10752315
25161713,10/01/2013 12:46,10,0.532604167,09/01/2013 16:34,9,0.690509259,2,4,2,7,14,12,-200000000,Missing,NA,0,-16857.49417,514950,11.42215367,2,2,1,0.842094907
19121901,11/02/2013 09:44,11,0.40587963,08/02/2013 13:29,8,0.562210648,5,4,1,5,23,7,19747865,LIBOR,13/11/2012,0.31,-772.50735,507012,0.355714537,3,2,1,2.843668981
13246350,27/02/2013 15:44,27,0.655578704,20/01/2011 14:49,20,0.617685185,4,1,2,3,2,12,2000000,Fixed,NA,5.75,0,493762,0,2,2,1,769.0378935
8437980,06/02/2013 17:40,6,0.736793981,08/11/2012 09:10,8,0.382604167,2,1,1,6,2,4,1069400,JIBAR,13/12/2012,5.125,223.84149,404016,15.55706801,4,2,1,90.35418981
18559756,20/02/2013 14:11,20,0.591203704,04/01/2012 15:22,4,0.640960648,5,4,2,2,22,4,0,Fixed,NA,1,-164.43432,399626,0.002604704,4,2,1,412.9502431
2959807,05/03/2013 16:39,5,0.694259259,31/10/2007 12:00,31,0.5,7,2,2,6,20,9,2628685914,JIBAR,22/01/2013,5.081,395455.18,395455,0,1,4,1,1952.194259
26703594,15/03/2013 18:13,15,0.759398148,14/03/2013 12:58,14,0.540729167,9,5,2,7,22,19,0,Fixed,NA,NA,NA,393556,675.3759518,4,2,1,1.218668981
24814018,04/01/2013 13:46,4,0.573958333,18/02/2010 12:33,18,0.523055556,9,4,1,7,8,3,-65222978,Fixed,NA,10.92,-2553.8249,383855,-7.053941787,4,2,1,1051.050903
26238158,28/02/2013 18:19,28,0.763564815,26/02/2013 12:00,26,0.5,2,1,2,2,23,4,0,Fixed,NA,5.5,-24.984955,364687,-0.004885,4,2,1,2.263564815
24859517,14/01/2013 17:27,14,0.727766204,01/10/2012 14:57,1,0.623460648,7,4,2,5,9,12,176067282,JIBAR,03/01/2013,5.119,82037.706,322113,7.97E-09,2,2,1,105.1043056
19134587,11/02/2013 09:30,11,0.396168981,08/02/2012 12:00,8,0.5,5,4,1,5,18,7,11385228,LIBOR,13/11/2012,0.31,-390.12336,292308,-0.27732479,3,2,1,368.896169
20796166,04/03/2013 15:31,4,0.647013889,22/05/2012 13:35,22,0.566655093,6,2,2,6,11,9,2144709,Fixed,NA,8,80088.461,285549,-23.93996556,1,4,1,286.0803588
26300773,11/03/2013 09:18,11,0.388009259,27/02/2013 16:21,27,0.681423611,5,4,2,5,14,16,-25814,Missing,NA,0,62538.62192,282076,0.195266274,4,2,1,11.70658565
21591360,15/01/2013 15:26,15,0.64349537,28/10/2010 16:53,28,0.703888889,1,2,1,7,22,12,0,Fixed,NA,0,-91.052866,273221,-5.608529766,4,3,1,809.9396065
26158616,22/02/2013 10:43,22,0.446956019,21/02/2013 17:10,21,0.715416667,9,4,2,7,17,16,0,JIBAR,NA,NA,NA,257264,-39.24888524,1,2,1,0.731539352
25988877,18/02/2013 16:23,18,0.683217593,15/02/2013 10:00,15,0.417060185,1,4,2,7,19,3,25000000,Fixed,NA,8,7739.6745,234044,-0.05386641,4,2,1,3.266157407
16333728,27/02/2013 17:45,27,0.739953704,17/08/2011 17:23,17,0.724490741,5,4,2,7,21,13,0,Fixed,NA,1,-7.9005698,209355,-0.105754077,1,2,1,560.015463
9692016,06/02/2013 13:52,6,0.578344907,19/12/2006 09:22,19,0.390613426,10,4,1,3,6,12,0,Missing,NA,0,-220.4572048,202886,17.56164435,4,3,1,2241.187731
977700,06/02/2013 14:15,6,0.594212963,30/03/2012 15:53,30,0.661840278,4,4,1,7,22,12,0,Missing,NA,NA,NA,202886,NA,4,2,1,312.9323727
26674850,18/03/2013 10:59,18,0.458171296,13/03/2013 14:36,13,0.60875,9,4,2,5,16,16,-5000000,Missing,NA,0,-1.96018746,201208,2071.747133,1,2,1,4.849421296
16351974,13/02/2013 17:16,13,0.719537037,07/03/2011 12:00,7,0.5,9,4,3,1,22,18,580000000,JIBAR,19/11/2012,5.075,-71423.9167,189599,-799.892361,4,2,1,709.219537
26041040,06/03/2013 18:50,6,0.785324074,18/02/2013 13:13,18,0.551145833,1,2,1,6,2,11,15000000,Fixed,NA,10,19157.9752,182635,0.862681423,1,3,1,16.23417824
23154064,30/01/2013 10:36,30,0.441921296,14/01/2013 11:43,14,0.488842593,4,1,2,6,13,12,0,Fixed,NA,0,-0.789186,176428,0.189827831,2,4,1,15.9530787
24655071,06/03/2013 14:06,6,0.587650463,10/12/2012 12:00,10,0.5,5,4,1,5,23,7,0,LIBOR,NA,0,-1.7288188,174720,-2.912751461,4,2,1,86.08765046
23154064,22/02/2013 16:06,22,0.670925926,19/09/2012 12:54,19,0.53787037,4,1,2,6,18,3,0,Fixed,NA,0,-113.003295,172952,0.074853026,4,4,1,156.1330556
1031181,24/01/2013 10:57,24,0.456805556,12/02/2008 08:01,12,0.33431713,10,4,1,3,15,8,0,Fixed,NA,3.65,2876.0763,166002,27286.3807,3,3,1,1808.122488
23154064,15/01/2013 10:30,15,0.437511574,18/02/2010 12:33,18,0.523055556,4,4,2,6,22,12,0,Fixed,NA,0,-0.000578,165000,-0.300210926,2,4,1,1061.914456
23154064,06/03/2013 13:04,6,0.544513889,19/09/2012 12:54,19,0.53787037,4,1,2,6,20,12,0,Fixed,NA,0,-0.015129,156946,0.417656091,2,4,1,168.0066435
23154064,12/02/2013 17:04,12,0.711782407,19/09/2012 12:54,19,0.53787037,4,1,2,6,19,12,0,Fixed,NA,0,-0.006114,149383,-0.39876659,2,4,1,146.173912
26342026,06/03/2013 15:49,6,0.659537037,28/02/2013 12:00,28,0.5,8,4,3,1,22,4,-33800000,JIBAR,06/02/2013,5.081,1697.835177,135200,1.22625537,2,2,1,6.159537037
26041301,06/03/2013 18:49,6,0.784340278,18/02/2013 13:19,18,0.555393519,1,2,1,6,2,11,10000000,Fixed,NA,11,10114.4061,133932,-0.562575735,1,3,1,16.22894676
1582869,01/02/2013 11:57,1,0.498391204,29/12/2006 12:00,29,0.5,7,5,2,5,18,15,0,Missing,01/02/2013,4.5,0.00008,126492,0,3,5,1,2225.998391
24905115,28/01/2013 16:37,28,0.692395833,04/01/2012 15:22,4,0.640960648,7,2,2,5,9,4,100000000,PRIME,20/12/2012,8.5,47013.699,125370,-7.22E-09,4,2,1,390.0514352
22963053,14/01/2013 09:33,14,0.397974537,24/04/2012 09:41,24,0.403657407,7,3,2,7,9,2,100000000,Fixed,NA,0.7,0,104614,0,4,2,1,264.9943171
4621569,24/01/2013 11:13,24,0.467488426,10/05/2011 17:42,10,0.737673611,10,4,1,3,16,8,-100573126,JIBAR,20/11/2012,5.075,7222.75082,102550,15805.06022,3,3,1,624.7298148
24595818,17/01/2013 14:41,17,0.612141204,18/02/2010 12:33,18,0.523055556,3,3,1,6,16,3,-300,Missing,NA,0,348.2549901,98820,0.00000001,4,2,1,1064.089086
25655331,08/02/2013 08:36,8,0.358668981,04/01/2012 08:35,4,0.358020833,5,4,2,2,18,16,0,Missing,01/02/2013,4.895,0,96412,0,4,2,1,401.0006481
24403390,09/01/2013 16:26,9,0.685324074,21/12/2012 12:00,21,0.5,10,4,2,2,22,12,0,JIBAR,NA,0,0,94904,0.0259977,2,3,1,19.18532407
3635227,20/03/2013 17:21,20,0.723148148,20/11/2008 17:29,20,0.728842593,9,4,1,6,12,16,-184281,Fixed,NA,0,2121.814846,94414,-901.2673993,1,2,1,1580.994306
25743300,08/02/2013 09:58,8,0.415706019,08/02/2012 12:00,8,0.5,2,3,1,7,18,3,0,Fixed,NA,4.9,-73469.322,93523,0,4,2,1,365.915706
24950312,27/02/2013 09:26,27,0.393506944,24/12/2012 09:36,24,0.400011574,3,3,2,1,18,4,1000,Missing,NA,0,94712.52022,92795,0.589901037,4,2,1,64.99349537
25083473,11/01/2013 13:55,11,0.580462963,10/01/2013 12:23,10,0.516041667,9,4,2,6,8,16,-86260000,JIBAR,08/01/2013,5.106,-10409.1263,87427,87162.73521,1,2,1,1.064421296
25416527,23/01/2013 15:10,23,0.632511574,25/09/2012 15:03,25,0.627291667,5,4,2,5,20,7,0,LIBOR,NA,0,182.873,86987,-296.8020854,3,2,1,120.0052199
23366970,05/03/2013 14:55,5,0.621909722,01/10/2012 12:00,1,0.5,8,3,2,2,20,9,874720000,Fixed,NA,0,14856.18056,85377,-0.00000804,3,6,1,155.1219097
5277603,23/01/2013 15:24,23,0.641828704,17/04/2009 14:50,17,0.618391204,9,1,1,6,7,3,-377808793,JIBAR,18/12/2012,5.125,31100.7204,84408,3104.100605,4,2,1,1377.023438
1582631,01/02/2013 15:40,1,0.653148148,09/11/2012 12:00,9,0.5,7,5,2,5,9,15,0,Missing,NA,NA,NA,83548,NA,3,5,1,84.15314815
23613375,14/01/2013 12:06,14,0.504594907,01/10/2012 11:16,1,0.469583333,5,4,1,5,23,7,11067308,LIBOR,16/10/2012,0.32475,22096.83905,81498,34.38416582,3,2,1,105.0350116
26127118,27/02/2013 11:31,27,0.480104167,21/02/2013 11:03,21,0.460717593,2,3,1,7,18,4,0,Fixed,NA,4.85,-45890.938,81008,0,4,2,1,6.019386574
23562591,24/01/2013 16:03,24,0.669143519,09/10/2012 08:14,9,0.343483796,7,4,2,5,9,5,433775709,JIBAR,03/12/2012,5.125,78139.049,78139,-3.73E-09,2,4,1,107.3256597
23553790,24/01/2013 16:27,24,0.685648148,24/01/2013 10:53,24,0.454050926,10,4,2,3,9,5,433775709,JIBAR,03/12/2012,5.125,77544.836,77545,2.51E-08,2,3,1,0.231597222
21589648,08/02/2013 15:31,8,0.646921296,06/02/2013 15:59,6,0.666412037,6,4,1,3,2,3,500005892,Missing,03/07/2012,5.05,69826.348,76941,0,4,8,1,1.980509259
25711237,01/03/2013 12:17,1,0.512268519,01/02/2013 12:00,1,0.5,3,3,1,5,2,4,6,Missing,NA,0,-0.156711,75005,-6722.837602,4,2,1,28.01226852
19048988,07/02/2013 09:57,7,0.414780093,04/01/2012 08:35,4,0.358020833,5,4,1,5,4,7,7604610,LIBOR,09/11/2012,0.31,136.657968,73853,0.88767756,3,2,1,400.0567593
19142428,12/02/2013 11:15,12,0.469201389,09/02/2012 12:00,9,0.5,5,4,1,5,4,7,0,Missing,NA,0,-41.13756,73166,-0.166135645,3,2,1,368.9692014
24094814,05/03/2013 16:58,5,0.707118056,08/11/2012 09:10,8,0.382604167,2,4,1,2,18,4,60000000,Fixed,NA,3.45,0,71076,0,4,2,1,117.3245139
23334005,21/02/2013 10:52,21,0.452916667,27/09/2012 16:10,27,0.674155093,10,4,1,3,16,8,0,Fixed,NA,6.25,13433.764,69964,-0.004431218,3,3,1,146.7787616
23337622,21/02/2013 10:52,21,0.452916667,27/09/2012 17:21,27,0.72306713,9,4,1,7,18,8,0,Fixed,NA,6.25,-6749.25283,69964,82.92968034,3,2,1,146.7298495
25479899,14/03/2013 17:02,14,0.710011574,24/01/2013 12:00,24,0.5,7,2,2,5,18,9,384607148,JIBAR,01/03/2013,5.083,68839.411,68839,2.14E-08,1,4,1,49.21001157
25498662,29/01/2013 16:19,29,0.680393519,21/12/2012 15:38,21,0.651759259,7,4,2,5,18,4,0,Fixed,NA,0,-11728.41133,67601,-0.406138,4,2,1,39.02863426
22310500,05/03/2013 15:35,5,0.649363426,07/08/2012 14:20,7,0.597349537,7,2,2,5,20,9,448473150,JIBAR,01/02/2013,5.081,66730.347,66730,-1.49E-08,1,4,1,210.0520139
26341688,06/03/2013 15:49,6,0.659537037,28/02/2013 12:00,28,0.5,8,4,3,1,22,4,-16200000,JIBAR,06/02/2013,5.081,813.7553218,64800,0.467159688,2,2,1,6.159537037
25477232,28/01/2013 15:07,28,0.629918981,23/01/2013 10:53,23,0.454050926,9,4,2,5,20,3,0,Fixed,NA,0.685,-1864.185553,63682,142.9922259,4,2,1,5.175868056
26238228,28/02/2013 18:19,28,0.763506944,26/02/2013 12:00,26,0.5,2,1,2,2,23,4,0,Fixed,NA,2.5,10.9790815,62760,0,4,2,1,2.263506944
25498322,29/01/2013 16:13,29,0.676354167,25/01/2013 15:03,25,0.627256944,7,4,2,5,1,4,0,Fixed,NA,0,-11356.32297,60119,-0.000701575,4,2,1,4.049097222
1582631,22/02/2013 14:45,22,0.614826389,29/12/2006 12:00,29,0.5,7,5,2,5,18,4,0,Missing,NA,NA,NA,59342,NA,4,5,1,2247.114826
1582631,15/03/2013 14:45,15,0.614849537,29/12/2006 12:00,29,0.5,7,5,2,5,14,15,0,Missing,01/03/2013,4.75,0,58822,0,3,5,1,2268.11485
23577534,14/01/2013 11:34,14,0.482430556,10/05/2011 12:00,10,0.5,4,4,1,3,19,12,38874150,Fixed,NA,5.5,0,57467,0,2,1,1,614.9824306
24089193,03/01/2013 15:07,3,0.630300926,27/12/2012 11:38,27,0.485,4,4,1,2,22,12,0,Fixed,NA,0,0,57000,0,2,1,1,7.145300926
19138635,12/02/2013 12:01,12,0.500856481,18/02/2010 12:33,18,0.523055556,5,4,1,5,23,7,19635279,LIBOR,15/11/2012,0.311,-31.84458,56638,-0.983117063,3,2,1,1089.977801
26159451,12/03/2013 13:20,12,0.555590278,21/02/2013 18:30,21,0.771006944,4,1,1,2,3,19,-390000,Fixed,NA,8.8,-92.042828,56383,50703.3517,4,1,1,18.78458333
14750178,21/02/2013 11:04,21,0.461180556,10/05/2011 14:22,10,0.599039352,10,4,1,3,16,8,0,Fixed,NA,0,-6905.74851,56314,1.507077406,3,3,1,652.8621412
14782165,24/01/2013 10:57,24,0.456898148,19/04/2011 12:00,19,0.5,10,4,1,3,16,8,0,Fixed,NA,0,11557.6041,54911,8476.155669,3,3,1,645.9568981
24577320,07/01/2013 10:29,7,0.437314815,04/01/2013 17:35,4,0.733009259,8,3,2,2,20,9,0,Missing,NA,0,3147.025384,53499,0,3,6,1,2.704305556
25183771,21/02/2013 17:51,21,0.743761574,10/01/2013 15:15,10,0.635983796,7,2,2,7,22,9,318673024,JIBAR,10/01/2013,5.094,47093.762,47094,8.85E-09,1,4,1,42.10777778
20188905,02/01/2013 12:31,2,0.522094907,13/04/2012 12:00,13,0.5,3,4,1,5,14,12,-1,Missing,NA,0,-12.0089052,45040,-231.0077225,2,2,1,264.0220949
26062730,20/02/2013 13:20,20,0.556111111,19/02/2013 11:12,19,0.467013889,3,3,2,6,16,4,-8065900,Missing,NA,NA,NA,44543,0.414833987,4,2,1,1.089097222
16342532,13/02/2013 17:18,13,0.721030093,18/08/2011 12:00,18,0.5,9,4,3,1,22,18,500000000,JIBAR,19/11/2012,5.075,-54929.5133,43933,-1047.157157,4,2,1,545.2210301
23697406,06/03/2013 09:44,6,0.405775463,16/10/2012 16:53,16,0.703611111,3,3,1,2,18,12,0,Missing,NA,0,-0.000083,43182,-1.171241286,2,2,1,140.7021644
24655071,08/03/2013 17:18,8,0.720972222,10/12/2012 12:00,10,0.5,5,4,1,5,23,7,0,LIBOR,NA,0,-32.6179196,43105,7378.507356,3,2,1,88.22097222
24891413,11/01/2013 15:05,11,0.628900463,10/01/2013 16:39,10,0.694351852,9,4,2,2,22,16,-42000000,JIBAR,18/12/2012,5.125,-22.4235302,41857,41876.8136,1,2,1,0.934548611
23613409,14/01/2013 11:56,14,0.497233796,11/10/2012 12:00,11,0.5,5,4,1,5,23,7,0,Missing,NA,0,10750.72264,39684,16.74996795,3,2,1,94.9972338
15794385,14/02/2013 08:39,14,0.360590278,13/02/2013 10:57,13,0.456898148,9,4,3,1,22,18,-550000000,JIBAR,21/01/2013,5.081,-1120.30562,39280,-392.2142286,4,2,1,0.90369213
25236702,18/02/2013 11:04,18,0.461770833,14/01/2013 15:23,14,0.641145833,4,1,1,3,23,3,250000000,Fixed,NA,5.494,0,37630,0,4,4,1,34.820625
16373500,13/02/2013 17:16,13,0.719965278,15/04/2011 12:00,15,0.5,9,4,3,1,22,18,450000000,JIBAR,19/11/2012,5.075,-54914.7949,36925,-620.6833112,4,2,1,670.2199653
24275191,10/01/2013 16:53,10,0.703773148,19/11/2012 10:53,19,0.453946759,10,4,2,3,9,17,243095437,JIBAR,19/11/2012,5.075,35798.3,35798,-7.45E-09,1,7,1,52.24982639
1582692,15/03/2013 11:52,15,0.494456019,29/12/2006 12:00,29,0.5,7,5,2,5,22,15,0,Missing,01/03/2013,4.8,-0.001000017,34849,0,3,5,1,2267.994456
25140638,26/02/2013 12:23,26,0.516539352,09/01/2013 07:44,9,0.322673611,3,3,2,5,14,12,0,Missing,NA,0,0,34349,0,2,2,1,48.19386574
11744908,15/03/2013 17:56,15,0.747488426,28/09/2010 13:37,28,0.567662037,5,4,2,5,10,4,-438,Missing,NA,0,4171.4946,33222,-242.7147433,4,2,1,899.1798264
25446291,24/01/2013 15:20,24,0.639212963,09/10/2012 12:39,9,0.527546296,2,4,1,3,2,4,-12500000,Fixed,NA,8.75,-1277.511876,33049,-0.76316508,4,2,1,107.1116667
1582631,08/02/2013 15:28,8,0.644560185,06/02/2013 15:59,6,0.666412037,7,5,2,5,18,15,0,Missing,NA,NA,NA,32274,NA,3,5,1,1.978148148
24655069,08/03/2013 17:19,8,0.721724537,10/12/2012 12:00,10,0.5,5,4,1,5,23,7,0,LIBOR,NA,0,-11.676158,32151,39997.10451,3,2,1,88.22172454
16568410,24/01/2013 11:02,24,0.459722222,02/12/2010 09:44,2,0.405729167,2,4,1,2,15,8,0,Fixed,NA,6.25,1102.20715,32038,5025.651437,3,2,1,784.0539931
25372642,30/01/2013 13:23,30,0.558206019,25/01/2013 14:52,25,0.619606481,2,4,1,7,9,3,-36000000,Missing,NA,0,0,31406,0,4,2,1,4.938599537
15014494,24/01/2013 10:57,24,0.456909722,25/06/2012 14:55,25,0.621539352,10,4,1,3,16,8,0,Fixed,NA,2.6,141761.358,30545,5402.758447,3,3,1,212.8353704
25176916,11/01/2013 14:50,11,0.618587963,29/12/2006 12:00,29,0.5,9,4,1,5,2,4,35500000,Fixed,NA,6.5,2547.267172,29743,33822.84694,4,2,1,2205.118588
23498991,14/01/2013 08:05,14,0.336828704,04/01/2012 08:35,4,0.358020833,5,4,2,3,23,3,0,Missing,NA,0,0,29210,22670.6038,4,2,1,375.9788079
26245161,28/02/2013 18:19,28,0.7634375,26/02/2013 12:00,26,0.5,2,1,2,2,9,4,0,Fixed,NA,5.5,-2.0622697,29154,0,4,2,1,2.2634375
25167260,14/01/2013 08:51,14,0.369097222,12/12/2012 17:16,12,0.719502315,9,3,1,7,15,3,0,Fixed,NA,2.75,-28933.92384,29006,-0.000109008,4,2,1,32.64959491
24275232,10/01/2013 17:04,10,0.711180556,26/09/2012 17:03,26,0.711006944,10,4,2,3,9,17,198875744,JIBAR,02/01/2013,5.013,28948.68,28949,1.09E-08,1,7,1,106.0001736
14836912,13/02/2013 17:15,13,0.719247685,25/05/2011 12:00,25,0.5,9,4,3,1,22,18,-100000000,JIBAR,16/11/2012,5.075,14909.3446,28745,121.7803009,4,2,1,630.2192477
1582631,15/02/2013 14:48,15,0.616666667,29/12/2006 12:00,29,0.5,7,5,2,5,18,15,0,Missing,NA,NA,NA,28240,NA,3,5,1,2240.116667
25183499,14/01/2013 09:58,14,0.415636574,08/01/2013 11:32,8,0.480590278,5,4,2,5,23,16,0,LIBOR,NA,0,8446.601193,27927,9.505887707,4,2,1,5.935046296
24891414,11/01/2013 16:01,11,0.66755787,04/10/2012 14:45,4,0.614733796,9,4,2,2,22,16,-28000000,JIBAR,18/12/2012,5.125,-14.9490201,27905,27917.87573,1,2,1,99.05282407
14744594,21/02/2013 11:03,21,0.460613426,10/05/2011 10:36,10,0.441875,10,4,1,3,16,8,0,Fixed,NA,0,-4026.74268,27084,0.980260701,3,3,1,653.0187384
18559756,16/01/2013 11:06,16,0.462986111,10/02/2012 12:26,10,0.518171296,5,4,2,2,22,12,0,Fixed,NA,1,-161.92193,26920,-0.002516367,2,2,1,340.9448148
16023205,09/01/2013 15:50,9,0.660335648,27/11/2012 11:28,27,0.478368056,7,5,2,5,4,15,0,Missing,09/01/2013,4.7,-0.0000017,26080,-4.37E-11,3,5,1,43.18196759
21843724,28/02/2013 18:00,28,0.750023148,13/07/2012 12:33,13,0.523344907,5,4,1,5,23,3,0,Missing,NA,0,123.811,25239,3.47703559,4,2,1,230.2266782
4684837,24/01/2013 08:05,24,0.337083333,04/01/2012 08:35,4,0.358020833,9,1,1,6,22,3,-117526333,JIBAR,18/12/2012,5.125,8305.3124,24549,921.9631077,4,2,1,385.9790625
1582881,18/01/2013 15:43,18,0.655289352,05/12/2012 17:08,5,0.714155093,7,5,2,5,9,15,0,Missing,01/01/2013,4.68,-0.000300005,23941,0,3,5,1,43.94113426
25272629,04/03/2013 11:10,4,0.465787037,14/01/2013 12:00,14,0.5,3,3,1,5,7,12,1,Missing,NA,0,-6.783678,23507,0.142588001,4,2,1,48.96578704
11744984,18/03/2013 10:32,18,0.439236111,28/09/2010 13:39,28,0.569247685,5,4,2,5,7,4,942,Missing,NA,0,2840.2353,23260,-0.409499999,4,2,1,901.8699884
25456992,29/01/2013 12:19,29,0.513391204,25/01/2013 18:04,25,0.753275463,4,1,2,3,2,3,0,Fixed,NA,4,-2806.995752,23155,-0.587614108,4,2,1,3.760115741
16167567,21/02/2013 10:52,21,0.452928241,04/08/2011 14:58,4,0.623715278,9,4,1,2,16,8,0,Fixed,NA,6.25,-2412.32518,22902,27.14584762,3,2,1,566.829213
25217623,28/01/2013 16:32,28,0.689270833,20/12/2012 15:59,20,0.666122685,4,1,2,3,20,12,11400000,LIBOR,08/01/2013,0.305,17985.944,22506,6.270912871,2,2,1,39.02314815
23337622,24/01/2013 10:57,24,0.456886574,15/06/2010 13:58,15,0.582534722,9,4,1,7,16,8,0,Fixed,NA,6.25,3580.71947,21923,0.048444807,3,2,1,953.8743519
23334005,24/01/2013 10:57,24,0.456898148,19/04/2011 17:53,19,0.74556713,10,4,1,3,15,8,0,Fixed,NA,6.25,24055.545,21923,0.047770771,3,3,1,645.711331
19306790,13/02/2013 17:17,13,0.720243056,07/03/2011 12:00,7,0.5,9,4,3,2,22,18,250000000,Fixed,NA,7.465,27793.1721,21882,523.8361844,4,2,1,709.2202431
23154064,13/02/2013 16:26,13,0.685358796,12/02/2013 12:45,12,0.531805556,4,1,2,6,18,12,0,Fixed,NA,0,-0.11963,21842,0.320726529,2,4,1,1.153553241
25992796,20/03/2013 09:16,20,0.386157407,12/02/2013 12:00,12,0.5,8,3,2,2,18,9,215000000,Fixed,NA,0,3769.336056,21780,-0.00000285,3,6,1,35.88615741
24988045,10/01/2013 11:52,10,0.495046296,09/01/2013 12:00,9,0.5,7,5,2,2,4,4,0,Missing,10/01/2013,5.55,0.0001,21162,2.91E-10,4,4,1,0.995046296
20081515,03/01/2013 08:52,3,0.369895833,28/12/2012 10:09,28,0.423483796,3,4,1,5,14,14,-1,Missing,NA,0,23.5669654,21142,-998.0135547,4,2,1,5.946412037
24652860,25/02/2013 09:48,25,0.408981481,10/12/2012 09:13,10,0.384305556,8,3,2,2,20,9,410625000,Missing,01/02/2013,0,15856.04739,20471,0.000132212,3,6,1,77.02467593
23154064,13/02/2013 08:31,13,0.354953704,04/01/2012 08:35,4,0.358020833,4,1,2,6,22,12,0,Fixed,NA,0,-0.006114,20286,-0.39876659,2,4,1,405.9969329
24860085,21/01/2013 17:31,21,0.730416667,20/07/2012 09:53,20,0.412175926,10,1,1,3,13,3,-5277204,JIBAR,17/01/2013,5.081,-3438.62606,20252,0.02303,4,4,1,185.3182407
25497701,29/01/2013 16:12,29,0.675625,25/01/2013 14:52,25,0.619606481,7,4,2,5,13,4,0,Fixed,NA,0,-3436.51931,20128,-0.709503531,4,2,1,4.056018519
24732310,18/03/2013 08:40,18,0.361296296,12/12/2012 12:00,12,0.5,5,4,1,5,23,7,7999101,LIBOR,18/12/2012,0.309,824.59349,19101,-0.410073269,3,2,1,95.8612963
18547809,15/02/2013 09:06,15,0.379398148,04/01/2012 08:35,4,0.358020833,3,3,2,7,18,12,0,Missing,NA,0,-66.775845,18985,-0.799079902,2,2,1,408.0213773
1582631,11/01/2013 15:05,11,0.628831019,14/12/2012 14:11,14,0.591342593,7,5,2,5,4,15,0,Missing,NA,NA,NA,18870,NA,3,5,1,28.03748843
26245161,27/02/2013 12:11,27,0.507974537,26/02/2013 12:00,26,0.5,2,4,2,2,23,16,0,Fixed,NA,NA,NA,18553,-3.64E-12,1,2,1,1.007974537
13672707,13/02/2013 17:15,13,0.71900463,17/06/2011 12:00,17,0.5,9,4,3,1,3,18,-197000000,JIBAR,22/11/2012,5.094,5421.02316,17562,-50.92639823,4,2,1,607.2190046
1582692,18/01/2013 11:19,18,0.471759259,30/11/2012 12:00,30,0.5,7,5,2,5,22,15,0,Missing,01/01/2013,4.8,0.000999987,17096,-1.49E-08,3,5,1,48.97175926
18559756,15/03/2013 10:13,15,0.42599537,04/01/2012 15:22,4,0.640960648,5,4,2,2,18,3,0,Fixed,NA,1,-154.33441,17096,0.002786006,4,2,1,435.7850347
25098797,11/01/2013 09:22,11,0.390868056,07/01/2013 11:42,7,0.487719907,5,4,2,6,17,16,3132,Missing,NA,0,-13135.13221,17026,17072.82552,4,2,1,3.903148148
19668644,18/03/2013 08:39,18,0.361099537,14/03/2012 12:00,14,0.5,5,4,1,5,23,7,0,Missing,NA,0,625.57091,15937,-1.018099243,3,2,1,368.8610995
23154064,19/03/2013 14:05,19,0.586886574,19/09/2012 12:54,19,0.53787037,4,1,2,6,20,12,0,Fixed,NA,0,0,15145,0,2,4,1,181.0490162
25831881,19/03/2013 11:13,19,0.467997685,07/02/2013 12:00,7,0.5,9,4,1,1,13,12,0,JIBAR,NA,0,3640.071288,15000,521.4875991,2,2,1,39.96799769
1582440,21/02/2013 15:09,21,0.631770833,29/12/2006 12:00,29,0.5,7,5,2,5,20,3,0,Missing,NA,NA,NA,14557,NA,4,5,1,2246.131771
1582806,28/02/2013 09:53,28,0.412013889,29/12/2006 12:00,29,0.5,7,5,2,5,7,4,0,Missing,28/02/2013,4.8,0.000489996,14466,0,4,5,1,2252.912014
26413795,05/03/2013 14:26,5,0.602037037,04/03/2013 08:27,4,0.352592593,3,3,2,5,8,6,-6096381,Missing,NA,0,12.68194,14305,-0.263046372,4,2,1,1.249444444
25907886,18/02/2013 11:16,18,0.470023148,12/02/2013 12:45,12,0.531805556,9,3,2,5,18,4,-1960000000,JIBAR,14/02/2013,5.081,-781442.84,14266,-182.3134716,4,2,1,5.938217593
25272524,04/03/2013 11:11,4,0.465972222,14/01/2013 12:00,14,0.5,3,3,1,5,14,12,-1,Missing,NA,0,-3.7379544,14043,0.081845749,4,2,1,48.96597222
19486829,18/03/2013 08:39,18,0.360925926,02/03/2012 12:00,2,0.5,5,4,1,5,23,7,0,Missing,NA,0,813.028771,13491,-0.807130351,3,2,1,380.8609259
23670152,08/01/2013 17:41,8,0.736863426,15/10/2012 16:20,15,0.681215278,4,4,2,3,6,4,0,Missing,NA,0,-3268.6741,13339,-0.170532448,4,2,1,85.05564815
16412839,13/02/2013 17:16,13,0.719884259,19/08/2011 12:00,19,0.5,9,4,3,1,22,18,150000000,JIBAR,23/11/2012,5.106,-15529.98681,13321,-314.4559444,4,2,1,544.2198843
8920098,01/03/2013 13:56,1,0.580590278,15/04/2010 12:00,15,0.5,7,5,2,5,4,16,0,Missing,01/03/2013,4.75,0,13014,0,4,5,1,1051.08059
24733652,14/01/2013 08:59,14,0.374652778,11/12/2012 16:38,11,0.693148148,8,3,2,2,20,9,129755350,Fixed,NA,0.3,2132.964658,12798,0,3,6,1,33.68150463
24403390,16/01/2013 13:44,16,0.572581019,15/01/2013 17:15,15,0.718819444,10,4,2,2,19,3,0,JIBAR,NA,0,0,12715,1.82E-12,4,3,1,0.853761574
25491010,15/03/2013 10:26,15,0.434826389,25/01/2013 12:06,25,0.50462963,4,1,1,7,22,3,0,Fixed,NA,1,-4116.68812,12583,59.0797671,4,2,1,48.93019676
22789255,14/01/2013 12:18,14,0.512893519,29/08/2012 16:12,29,0.675555556,9,4,1,6,22,3,2128000,Fixed,NA,4.875,3166.451285,11756,-6.666607256,4,2,1,137.837338
25312693,06/03/2013 09:56,6,0.414409722,14/01/2013 12:00,14,0.5,8,3,2,2,4,9,103288978,Missing,18/02/2013,0,1754.252446,11652,-0.000000954,3,6,1,50.91440972
21964163,28/02/2013 18:00,28,0.750023148,20/07/2012 12:28,20,0.520104167,5,4,1,5,23,3,0,Missing,NA,0,40.4444,11648,1.604639721,4,2,1,223.229919
12238993,15/01/2013 15:38,15,0.651400463,23/08/2012 11:29,23,0.47880787,7,4,1,6,13,9,60000000,JIBAR,20/12/2012,5.125,11136.9863,11137,1.86E-09,1,4,1,145.1725926
25341753,21/01/2013 11:01,21,0.459375,20/01/2012 12:00,20,0.5,7,4,2,7,19,3,0,Fixed,NA,NA,NA,10570,-3.307002717,4,2,1,366.959375
25291239,17/01/2013 14:21,17,0.597939815,17/01/2013 12:26,17,0.518726852,1,2,2,6,22,4,160000000,Fixed,NA,6.671,1052.333655,10065,-0.395338591,4,3,1,0.079212963
25960604,13/03/2013 13:59,13,0.583321759,14/02/2013 11:17,14,0.470474537,8,3,2,2,20,9,-30297500,Fixed,NA,2.28,-534.3424064,9698,0.000000438,3,6,1,27.11284722
26498430,07/03/2013 12:14,7,0.510231481,06/03/2013 13:44,6,0.572592593,2,1,1,3,9,3,-45000000,Fixed,NA,6.5,-3186.102201,9611,-0.581679027,4,2,1,0.937638889
19019109,04/02/2013 15:03,4,0.627708333,01/10/2012 12:00,1,0.5,9,1,1,1,18,3,300000000,JIBAR,02/11/2012,5.075,-171.87818,9534,0,4,2,1,126.1277083
26563064,14/03/2013 13:53,14,0.578599537,08/03/2013 12:20,8,0.514328704,7,2,2,2,14,3,0,Fixed,NA,4.915,0.0000164,9426,0,4,5,1,6.064270833
23266804,06/02/2013 13:37,6,0.56755787,30/11/2006 12:00,30,0.5,8,4,2,2,6,3,5755175,Fixed,NA,0,75.72297049,9279,0,4,6,1,2260.067558
25164472,31/01/2013 09:35,31,0.399768519,30/01/2013 11:30,30,0.479513889,1,2,2,6,22,12,0,Fixed,NA,0,-10292.3129,9244,0.688628929,2,3,1,0.92025463
1582692,22/02/2013 11:15,22,0.469409722,29/12/2006 12:00,29,0.5,7,5,2,5,18,4,0,Missing,01/02/2013,4.8,-0.00003,9205,0,4,5,1,2246.96941
19508574,18/03/2013 08:40,18,0.361493056,05/03/2012 12:00,5,0.5,5,4,1,5,23,7,3900860,LIBOR,21/12/2012,0.31,457.147006,9125,-0.564535174,3,2,1,377.8614931
25789258,12/02/2013 17:03,12,0.710810185,19/09/2012 12:54,19,0.53787037,9,3,2,7,20,4,6388993,EURIBOR,06/02/2013,0.192,-742.9321,9090,-9.133632206,4,2,1,146.1729398
24251679,31/01/2013 10:41,31,0.445706019,30/01/2013 15:43,30,0.655416667,5,4,1,5,22,12,0,JIBAR,28/10/2010,5.905,6.735265605,9014,0.313226519,2,2,1,0.790289352
24251679,01/02/2013 10:21,1,0.431863426,31/01/2013 10:27,31,0.435983796,5,4,1,5,14,12,0,JIBAR,28/10/2010,5.905,-0.014984338,8893,0.336301256,2,2,1,0.99587963
23535853,08/02/2013 11:36,8,0.483703704,29/12/2006 12:00,29,0.5,3,3,2,7,22,12,0,Fixed,NA,0,0,8778,0,2,2,1,2232.983704
26506066,07/03/2013 11:12,7,0.467037037,06/03/2013 15:59,6,0.666087963,2,3,1,6,9,4,-23000000,Fixed,NA,7.75,-1183.265934,8634,-0.22133547,4,2,1,0.800949074
19385425,18/03/2013 08:39,18,0.360740741,27/02/2012 12:00,27,0.5,5,4,1,5,18,3,0,Missing,NA,0,282.326371,8276,-0.264765994,4,2,1,384.8607407
26684365,14/03/2013 14:37,14,0.609155093,13/03/2013 16:25,13,0.684155093,2,1,1,3,22,3,-36000000,Fixed,NA,6.25,-2713.355963,8195,0.000003,4,2,1,0.925
13855285,13/02/2013 17:17,13,0.720428241,18/08/2010 12:00,18,0.5,9,4,3,1,22,18,-150000000,JIBAR,07/12/2012,5.125,13274.3721,7639,2.36814266,4,2,1,910.2204282
26626460,13/03/2013 10:53,13,0.454050926,12/03/2013 11:12,12,0.467314815,9,1,1,5,4,3,-85000000,Fixed,NA,10.5,-22304.61554,7599,-1690.694115,4,2,1,0.986736111
15931892,13/02/2013 17:17,13,0.720173611,17/08/2011 12:00,17,0.5,9,4,3,1,22,18,-100000000,JIBAR,29/01/2013,5.081,975.32276,7571,0.230280835,4,2,1,546.2201736
16359074,13/02/2013 17:18,13,0.721111111,10/09/2010 12:00,10,0.5,9,4,3,1,22,18,-380000000,JIBAR,19/11/2012,5.075,2456.33661,7485,-73.92371283,4,2,1,887.2211111
25918244,13/03/2013 13:54,13,0.579583333,12/02/2013 16:36,12,0.691828704,8,3,2,2,20,9,0,Fixed,NA,0,3769.336056,7469,-0.62390816,3,6,1,28.88775463
26322375,15/03/2013 12:44,15,0.530706019,28/02/2013 11:40,28,0.486145833,8,3,2,2,4,9,0,Fixed,NA,2.28,-708.199721,7237,-0.2360658,3,6,1,15.04456019
1582692,08/03/2013 10:46,8,0.449293981,29/12/2006 12:00,29,0.5,7,5,2,5,18,15,0,Missing,01/03/2013,4.8,-0.00007,7233,0,3,5,1,2260.949294
20318940,14/01/2013 09:56,14,0.414166667,10/01/2013 12:00,10,0.5,7,2,2,5,4,15,0,Missing,14/01/2013,4.8,-302837.51,7227,0.000000179,3,3,1,3.914166667
16167567,24/01/2013 10:57,24,0.456921296,31/08/2012 09:37,31,0.400949074,9,4,1,2,15,8,0,Fixed,NA,6.25,966.10791,7176,0.015858411,3,2,1,146.0559722
24936218,09/01/2013 13:06,9,0.546342593,14/12/2012 12:00,14,0.5,5,4,2,5,23,11,0,LIBOR,NA,0,950.003815,7167,-1.046804654,1,2,1,26.04634259
14535596,24/01/2013 10:57,24,0.456898148,27/05/2011 11:43,27,0.488773148,10,4,1,3,18,8,0,JIBAR,NA,0,33212.661,7156,1150.368788,3,3,1,607.968125
24603355,18/01/2013 17:09,18,0.714895833,18/01/2013 09:31,18,0.396608796,7,4,1,6,22,3,10000000,EURIBOR,07/01/2013,0.192,-8118.796414,7011,168300.6602,4,2,1,0.318287037
1896470,21/02/2013 10:52,21,0.452905093,12/02/2008 08:01,12,0.33431713,10,4,1,3,22,8,0,Fixed,NA,6.25,-380.71099,6996,-0.0000813,3,3,1,1836.118588
25089200,07/01/2013 10:34,7,0.440451389,29/12/2006 12:00,29,0.5,9,1,1,5,2,3,-115000000,Fixed,NA,7.75,-6950.44169,6995,-3269.919789,4,2,1,2200.940451
26594607,12/03/2013 09:35,12,0.399548611,11/03/2013 12:34,11,0.52380787,2,1,1,7,22,3,0,Fixed,NA,5,2.920582049,6841,-5.00E-11,4,2,1,0.875740741
20080959,11/01/2013 10:30,11,0.437708333,14/10/2011 10:23,14,0.433078704,5,4,1,5,23,7,0,Missing,NA,0,35.2188137,6834,5.048442214,4,2,1,455.0046296
24935912,09/01/2013 14:37,9,0.609293981,08/01/2013 14:33,8,0.606446759,5,4,2,5,23,11,0,Fixed,NA,6.34,888.59611,6827,-0.800482035,1,2,1,1.002847222
2231472,01/03/2013 11:39,1,0.485578704,22/04/2008 12:50,22,0.535324074,7,2,2,5,18,4,0,Missing,01/03/2013,NA,NA,6809,-1.86E-09,4,3,1,1773.950255
25798805,15/02/2013 12:24,15,0.517326389,06/02/2013 15:51,6,0.661006944,2,4,1,3,14,4,10000000,Fixed,NA,13.5,1840.1451,6696,-0.125177987,4,2,1,8.856319444
1582692,15/02/2013 11:25,15,0.475717593,29/12/2006 12:00,29,0.5,7,5,2,5,4,15,0,Missing,01/02/2013,4.8,1.86E-09,6575,0,3,5,1,2239.975718
13534331,01/03/2013 11:31,1,0.480300926,31/01/2011 12:00,31,0.5,3,3,2,2,22,12,0,Fixed,NA,0,-0.3696101,6519,0.12506928,2,2,1,759.9803009
24929465,17/01/2013 10:42,17,0.446458333,21/12/2012 13:39,21,0.569386574,8,3,2,2,20,9,-35091000,Missing,27/12/2012,2.28,-562.3849507,6463,-0.3015272,3,6,1,26.87707176
25498160,29/01/2013 16:13,29,0.676006944,25/01/2013 14:56,25,0.622731481,7,4,2,5,1,4,0,Fixed,NA,0,-1543.727814,6388,-0.0000472,4,2,1,4.053275463
4836357,05/03/2013 16:43,5,0.697013889,22/04/2008 12:00,22,0.5,7,2,2,5,3,9,37272985,JIBAR,22/02/2013,4.983,6211.8237,6212,0,1,4,1,1778.197014
23535853,06/03/2013 10:22,6,0.431990741,08/10/2012 12:12,8,0.508888889,3,3,2,7,18,12,0,Fixed,NA,0,0,6053,0,4,2,1,148.9231019
26252741,27/02/2013 12:14,27,0.510069444,26/02/2013 11:45,26,0.490266204,2,3,1,3,9,4,-50000000,Fixed,NA,8.75,-14153.32171,5928,-0.000001,4,2,1,1.019803241
8339689,11/03/2013 11:32,11,0.481111111,12/03/2010 17:48,12,0.741793981,10,2,1,6,16,4,0,Fixed,NA,10.13825,-1179.1579,5896,0,4,3,1,1094.739317
8336062,11/03/2013 11:34,11,0.482615741,12/03/2010 15:50,12,0.659803241,7,2,1,5,9,4,0,Fixed,NA,10.13825,-1179.1579,5896,0,4,5,1,1094.822813
23269126,23/01/2013 08:10,23,0.340763889,18/01/2013 14:34,18,0.607361111,9,4,1,7,8,3,19550000,JIBAR,18/12/2012,5.125,2566.5304,5859,0.836217257,4,2,1,4.733402778
18960959,04/01/2013 10:30,4,0.437905093,04/04/2012 11:33,4,0.481759259,3,4,2,7,22,12,0,Fixed,NA,0,-0.0416986,5857,-0.482038167,2,2,1,274.9561458
23535853,07/02/2013 10:20,7,0.431157407,29/01/2013 08:38,29,0.360115741,3,3,2,7,14,12,0,Fixed,NA,0,0,5759,0,4,2,1,9.071041667
25851937,13/02/2013 16:07,13,0.671886574,08/02/2013 13:29,8,0.562210648,2,3,1,7,18,3,0,Fixed,NA,5.3,26519.054,5599,0,4,2,1,5.109675926
24732552,23/01/2013 13:21,23,0.556828704,22/01/2013 09:39,22,0.402627315,5,4,1,5,23,7,-869365,LIBOR,18/12/2012,0.309,0.0774465,5592,-0.06245796,3,2,1,1.154201389
23535853,22/01/2013 14:20,22,0.597488426,20/01/2012 12:00,20,0.5,3,3,2,7,4,12,0,Fixed,NA,0,0,5579,0,2,2,1,368.0974884
25538791,07/02/2013 13:06,7,0.546377315,06/02/2013 09:35,6,0.399467593,9,4,2,7,4,16,-43106155,Fixed,NA,6.92,-951.0593,5448,2.100781829,1,2,1,1.146909722
18559756,29/01/2013 07:51,29,0.327604167,12/12/2011 16:45,12,0.698298611,5,4,2,2,9,4,0,Fixed,NA,1,-475.19165,5438,-0.004823109,4,2,1,413.6293056
25183913,11/01/2013 14:10,11,0.590381944,10/01/2013 12:23,10,0.516041667,7,3,2,5,9,4,0,Fixed,NA,5,0.0000356,5425,0,4,5,1,1.074340278
25558980,31/01/2013 07:57,31,0.331631944,25/01/2013 12:00,25,0.5,3,3,2,5,9,12,3031,Missing,NA,0,-272.2288074,5410,0.033936551,4,2,1,5.831631944
26101905,21/02/2013 14:14,21,0.593483796,20/02/2013 14:38,20,0.610115741,3,3,2,6,7,6,-9457392,Missing,NA,0,-1340.1384,5313,28.55840529,4,2,1,0.983368056
11745003,15/03/2013 17:49,15,0.742418981,28/09/2010 13:40,28,0.569861111,5,4,2,5,19,4,411,Missing,NA,0,-838.88598,5280,76.22964227,4,2,1,899.1725579
5888671,21/02/2013 10:52,21,0.452916667,03/09/2009 09:08,3,0.381076389,9,4,1,3,18,8,0,Fixed,NA,3.64,-832.2676,5197,29.05298192,3,2,1,1267.07184
7131135,21/02/2013 10:52,21,0.452916667,03/12/2009 11:18,3,0.471064815,9,4,1,3,16,8,0,Fixed,NA,3.64,-1824.4513,5197,24.58306894,3,2,1,1175.981852
25302377,17/01/2013 12:32,17,0.522858796,16/01/2013 14:04,16,0.586655093,2,4,1,3,2,3,65000000,Fixed,NA,10.5,5172.938362,5173,0,4,2,1,0.936203704
24251679,21/02/2013 11:34,21,0.482291667,16/11/2012 10:56,16,0.45568287,5,4,1,5,1,16,0,JIBAR,28/10/2010,5.905,14.62940629,5171,-0.182414779,4,2,1,97.0266088
24251679,14/02/2013 13:53,14,0.578576389,16/11/2012 10:56,16,0.45568287,5,4,1,5,4,12,0,JIBAR,28/10/2010,5.905,16.85152524,5140,0.630637325,2,2,1,90.12289352
23535853,09/01/2013 11:53,9,0.495138889,10/10/2012 16:08,10,0.672384259,3,3,2,7,22,12,0,Fixed,NA,0,0,4996,0,2,2,1,90.82275463
20081829,02/01/2013 12:33,2,0.523171296,05/04/2012 12:00,5,0.5,3,4,1,5,14,12,1,Missing,NA,0,-11.6136984,4953,998.0426626,2,2,1,272.0231713
24706349,07/01/2013 16:42,7,0.696412037,11/12/2012 17:09,11,0.715104167,8,3,2,2,20,9,-590616273,Fixed,NA,0.3,-9708.760644,4854,7.28E-12,3,6,1,26.98130787
25604706,04/02/2013 08:39,4,0.360752315,04/01/2012 08:35,4,0.358020833,1,3,2,6,18,4,-1346582,Missing,NA,0,11425130.01,4832,91153.9376,4,2,1,397.0027315
17258538,12/02/2013 13:43,12,0.571655093,29/12/2006 12:00,29,0.5,10,1,2,3,8,12,-1000000,SAFEX,11/02/2013,4.78,0,4703,2.91E-11,2,3,1,2237.071655
3965326,24/01/2013 10:57,24,0.456875,29/10/2009 14:05,29,0.587465278,9,4,1,6,18,8,0,Fixed,NA,2.86,10903.1016,4633,763.2274351,3,2,1,1182.86941
1582692,08/02/2013 12:08,8,0.506203704,14/01/2013 10:04,14,0.419953704,7,5,2,5,18,15,0,Missing,01/02/2013,4.8,0,4603,0,3,5,1,25.08625
26084081,01/03/2013 09:07,1,0.379976852,20/02/2013 09:33,20,0.398148148,8,4,2,2,20,3,179082467,Missing,26/02/2013,0.3078,3042.156484,4595,-0.000000119,4,6,1,8.981828704
24968382,04/01/2013 10:31,4,0.438287037,04/04/2012 11:33,4,0.481354167,8,3,2,2,20,9,0,Fixed,NA,0.3078,1589.822508,4548,-0.000000887,3,6,1,274.9569329
18960959,05/02/2013 16:20,5,0.68099537,31/01/2011 12:00,31,0.5,3,3,2,7,22,12,0,Fixed,NA,0,-0.0130391,4489,0.029641704,2,2,1,736.1809954
24860106,21/01/2013 17:29,21,0.729016204,19/12/2012 14:55,19,0.622002315,10,1,1,3,13,3,-1060260,JIBAR,17/01/2013,5.081,-690.86551,4487,0,4,4,1,33.10701389
26214945,13/03/2013 13:59,13,0.582858796,25/02/2013 11:35,25,0.482893519,8,3,2,2,20,9,0,Fixed,NA,2.28,-247.1934374,4486,0.8063974,3,6,1,16.09996528
26628865,13/03/2013 10:54,13,0.454282407,12/03/2013 11:58,12,0.498645833,2,1,1,3,2,3,-50000000,Fixed,NA,10.5,-13123.65512,4473,-0.009176358,4,2,1,0.955636574
15047899,06/02/2013 16:30,6,0.688043981,01/10/2012 12:00,1,0.5,4,1,1,3,9,12,0,JIBAR,NA,NA,NA,4430,NA,2,2,1,128.188044
13534271,01/03/2013 11:31,1,0.480104167,31/01/2011 12:00,31,0.5,3,3,2,2,22,12,1,Fixed,NA,0,-0.695669999,4354,-0.382056693,2,2,1,759.9801042
25098481,11/01/2013 09:22,11,0.390625,07/01/2013 11:40,7,0.486354167,5,4,2,6,17,16,835,Missing,NA,0,-3393.380766,4329,4341.902133,4,2,1,3.904270833
25497856,28/01/2013 08:38,28,0.36005787,04/01/2012 08:35,4,0.358020833,9,4,2,5,8,16,0,JIBAR,NA,NA,NA,4304,0.01848737,1,2,1,390.002037
25067383,17/01/2013 13:15,17,0.552094907,15/01/2013 11:35,15,0.483287037,8,3,2,2,5,9,0,Fixed,NA,2.85,-185.3798946,4291,-0.2436248,3,6,1,2.06880787
15313544,13/02/2013 17:15,13,0.719108796,16/05/2011 12:00,16,0.5,9,4,3,1,22,18,-50000000,JIBAR,18/12/2012,5.125,6673.55927,4254,105.3813939,4,2,1,639.2191088
25274097,17/01/2013 11:07,17,0.463275463,21/12/2012 12:00,21,0.5,2,1,1,3,2,4,1000000,Fixed,NA,6.5,-72.8939804,4249,-0.0121809,4,2,1,26.96327546
23849032,10/01/2013 11:07,10,0.463344907,18/12/2012 13:39,18,0.569421296,3,3,1,2,22,12,0,Fixed,NA,0,0,4218,0,2,2,1,22.89392361
23610259,04/01/2013 13:28,4,0.561724537,19/12/2011 18:01,19,0.750821759,4,4,1,3,6,3,50000000,Fixed,NA,0.35,8.162167,4173,-0.134094445,4,2,1,381.8109028
23697306,06/03/2013 09:44,6,0.406215278,16/10/2012 16:48,16,0.700601852,3,3,1,2,14,12,0,Missing,NA,0,-0.0000088,4173,-0.116719958,2,2,1,140.7056134
4394733,24/01/2013 10:57,24,0.456863426,29/09/2006 16:35,29,0.69119213,9,4,1,3,16,8,-30000000,JIBAR,01/11/2012,5.075,14410.1982,4066,679.3936877,3,2,1,2308.765671
18802598,23/01/2013 13:05,23,0.545625,12/12/2012 12:00,12,0.5,5,4,1,5,23,7,0,Missing,NA,0,0.961126,4065,-0.229626297,3,2,1,42.045625
23535853,14/03/2013 12:23,14,0.516527778,08/10/2012 12:12,8,0.508888889,3,3,2,7,18,10,0,Fixed,NA,0,0,3953,0,2,2,1,157.0076389
23577534,05/02/2013 12:33,5,0.523229167,07/09/2012 12:00,7,0.5,4,1,1,3,18,12,38874150,Fixed,NA,5.5,0,3948,0,2,1,1,151.0232292
24251679,19/02/2013 10:46,19,0.448703704,16/11/2012 10:56,16,0.45568287,5,4,1,5,18,16,0,JIBAR,28/10/2010,5.905,-0.008444679,3861,0.24943243,4,2,1,94.99302083
24936269,09/01/2013 12:57,9,0.540243056,14/12/2012 15:10,14,0.632395833,5,4,2,5,23,11,0,Fixed,NA,7.07,442.027185,3843,0.454285027,1,2,1,25.90784722
23385083,14/01/2013 17:49,14,0.742719907,10/01/2013 12:00,10,0.5,9,4,1,3,22,3,6000000,Fixed,NA,4.875,8828.979786,3814,1.987932725,4,2,1,4.242719907
25992796,13/03/2013 13:50,13,0.576828704,12/02/2013 12:00,12,0.5,8,3,2,2,22,9,215000000,Fixed,NA,0,3769.336056,3769,0,3,6,1,29.0768287
23366698,04/02/2013 15:04,4,0.6278125,01/10/2012 12:00,1,0.5,8,3,2,2,20,9,73960322,Fixed,NA,0,2916.699735,3766,-0.63589695,3,6,1,126.1278125
18547809,28/02/2013 11:52,28,0.494618056,04/01/2012 08:35,4,0.358020833,3,3,2,7,17,10,0,Missing,NA,0,138.094445,3701,-0.090267715,2,2,1,421.1365972
25782228,06/03/2013 15:42,6,0.654837963,06/02/2013 12:00,6,0.5,8,4,3,1,22,4,53400000,JIBAR,08/02/2013,5.081,-304.229011,3525,-0.000896231,2,2,1,28.15483796
20026133,05/02/2013 16:20,5,0.680648148,31/01/2012 15:42,31,0.654351852,3,3,2,7,22,12,0,Fixed,NA,0,0.0001277,3477,0.055001523,2,2,1,371.0262963
20026133,04/01/2013 10:30,4,0.438032407,27/12/2012 12:11,27,0.507928241,3,4,2,7,22,12,0,Fixed,NA,0,-0.0320667,3437,0.048399398,2,2,1,7.930104167
23367479,06/02/2013 16:31,6,0.688263889,01/10/2012 12:00,1,0.5,8,4,2,2,22,4,-414440000,Fixed,NA,0.3,2.18E-11,3420,-2.18E-11,4,6,1,128.1882639
26252495,14/03/2013 14:11,14,0.59162037,26/02/2013 11:41,26,0.486828704,8,3,2,2,20,9,0,Fixed,NA,2.28,-330.549478,3399,0,3,6,1,16.10479167
18547809,19/03/2013 08:16,19,0.344513889,04/01/2012 08:35,4,0.358020833,3,3,2,7,13,10,0,Missing,NA,0,72.399049,3277,0.666057876,2,2,1,439.9864931
25782077,06/03/2013 15:42,6,0.654479167,06/02/2013 12:00,6,0.5,8,4,3,1,22,4,-33800000,JIBAR,06/02/2013,5.081,1697.835177,3271,1.22625537,2,2,1,28.15447917
18960959,01/03/2013 11:30,1,0.479803241,31/01/2012 15:42,31,0.654351852,3,3,2,7,22,12,0,Fixed,NA,0,-0.2287432,3197,-0.159293164,2,2,1,394.8254514
26322387,14/03/2013 14:11,14,0.591342593,28/02/2013 11:40,28,0.486273148,8,3,2,2,20,9,0,Fixed,NA,2.28,-303.3637585,3124,0,3,6,1,14.10506944
26716388,15/03/2013 14:58,15,0.623703704,14/03/2013 16:33,14,0.690185185,3,3,2,1,23,19,25000,Missing,NA,0,-108.1504543,3099,-1.034088027,4,2,1,0.933518519
20026133,01/03/2013 11:30,1,0.479502315,04/04/2012 11:33,4,0.481759259,3,3,2,7,22,12,0,Fixed,NA,0,-0.6783853,3046,0.405378762,2,2,1,330.9977431
24251679,19/03/2013 08:01,19,0.334224537,16/11/2012 10:56,16,0.45568287,5,4,1,5,17,4,0,JIBAR,28/10/2010,5.905,9.46855063,3038,-1.106257858,4,2,1,122.8785417
25227735,30/01/2013 10:24,30,0.43369213,14/12/2010 12:22,14,0.5153125,7,4,2,6,23,3,0,Fixed,NA,4.5,4427.481963,2927,2934.271461,4,2,1,777.9183796
25227735,30/01/2013 13:15,30,0.552303241,21/01/2013 11:06,21,0.463032407,7,4,2,6,22,3,0,Fixed,NA,NA,NA,2927,2934.271461,4,2,1,9.089270833
24251679,18/01/2013 10:20,18,0.430775463,14/10/2011 10:23,14,0.433078704,5,4,1,5,18,12,0,JIBAR,28/10/2010,5.905,-2.44001731,2913,0.303746553,2,2,1,461.9976968
26093233,01/03/2013 09:06,1,0.379398148,18/02/2013 12:00,18,0.5,8,4,2,2,20,3,111544499,Missing,22/02/2013,0.3078,1895.383521,2864,-0.00000008,4,6,1,10.87939815
26628894,13/03/2013 10:54,13,0.454386574,12/03/2013 11:58,12,0.498993056,2,1,1,3,2,3,-32300000,Fixed,NA,10.5,-8462.966414,2862,-0.005928232,4,2,1,0.955393519
13534331,06/02/2013 08:14,6,0.343194444,30/01/2013 17:24,30,0.725497685,3,3,2,2,22,12,0,Fixed,NA,0,-0.0266389,2855,-0.028278409,2,2,1,6.617696759
25801640,08/02/2013 08:57,8,0.373506944,23/01/2013 10:53,23,0.454050926,2,4,1,3,2,4,-21000000,Fixed,NA,13.5,-350.3516655,2813,0,4,2,1,15.91945602
24251679,02/01/2013 10:18,2,0.429351852,16/11/2012 10:56,16,0.45568287,5,4,1,5,22,12,0,JIBAR,28/10/2010,5.905,-1.986348819,2811,-0.047760793,2,2,1,46.97366898
24572958,04/01/2013 14:28,4,0.603136574,04/12/2012 15:58,4,0.6653125,8,4,2,2,20,3,-341010912,Missing,04/01/2013,0.3,0,2803,-5.00E-12,4,6,1,30.93782407
13534271,04/01/2013 10:30,4,0.437523148,31/01/2012 15:42,31,0.654351852,3,4,2,2,22,12,1,Fixed,NA,0,-4.752309999,2798,-0.048161752,2,2,1,338.7831713
25909389,06/03/2013 10:24,6,0.43369213,12/02/2013 13:32,12,0.5640625,7,4,2,5,22,3,0,Fixed,NA,4.95,0.0000233,2712,0,4,5,1,21.86962963
21921347,19/02/2013 15:30,19,0.646284722,18/07/2012 17:39,18,0.735729167,1,2,1,2,13,4,29000000,Fixed,NA,14.7,1409.063,2668,-195.9923426,4,2,1,215.9105556
1582692,01/02/2013 11:00,1,0.458634259,18/02/2010 12:33,18,0.523055556,7,5,2,5,4,15,0,Missing,01/02/2013,4.8,-0.0001,2630,0,3,5,1,1078.935579
24915989,08/03/2013 13:01,8,0.542569444,21/12/2012 09:39,21,0.402106481,3,3,2,2,4,12,0,Missing,NA,0,0,2580,0,2,2,1,77.14046296
25463427,25/01/2013 10:38,25,0.443275463,29/12/2006 12:00,29,0.5,9,4,2,5,4,16,0,JIBAR,NA,NA,NA,2574,-4.81230815,1,2,1,2218.943275
18559756,08/01/2013 11:20,8,0.472662037,04/12/2012 17:06,4,0.712800926,5,4,2,2,22,12,0,Fixed,NA,1,-154.95871,2541,0.004494339,2,2,1,34.75986111
25685321,04/02/2013 18:01,4,0.751111111,04/01/2012 15:22,4,0.640960648,9,4,2,5,15,19,0,JIBAR,NA,NA,NA,2538,-0.429272509,4,2,1,397.1101505
26083617,01/03/2013 09:07,1,0.380104167,20/02/2013 09:14,20,0.384803241,8,4,2,2,20,3,-178534356,Missing,26/02/2013,0.513,0,2509,0,4,6,1,8.995300926
26083617,04/03/2013 08:52,4,0.369537037,20/02/2013 09:14,20,0.384803241,8,4,2,2,20,3,-178534356,Missing,26/02/2013,0.513,-5018.527364,2509,0,4,6,1,11.9847338
24576789,04/01/2013 14:29,4,0.604085648,04/12/2012 16:48,4,0.700023148,8,4,2,2,20,3,-304843088,Missing,04/01/2013,0.3,-9.99E-09,2506,-9.09E-13,4,6,1,30.9040625
25071136,25/01/2013 13:08,25,0.54744213,04/01/2013 11:38,4,0.484791667,8,3,2,2,9,9,0,Fixed,NA,0.3,0,2501,0,3,6,1,21.06265046
13881161,01/02/2013 11:56,1,0.497638889,29/12/2006 12:00,29,0.5,7,2,2,6,4,15,0,Missing,01/02/2013,NA,NA,2483,0,3,3,1,2225.997639
25009067,30/01/2013 15:54,30,0.663055556,04/10/2007 15:46,4,0.657349537,8,3,2,2,20,9,116732612,Missing,30/01/2013,0.399,1847.662485,2380,0.41190195,3,6,1,1945.005706
24603288,21/02/2013 09:25,21,0.392638889,04/12/2012 17:06,4,0.712800926,4,1,1,3,22,3,20000000,Fixed,NA,0.48,-46.277543,2360,0.56878273,4,2,1,78.67983796
24925090,16/01/2013 11:51,16,0.494201389,21/12/2012 12:40,21,0.52806713,8,3,2,2,20,9,-18842600,Missing,31/12/2012,2.85,-302.4281821,2332,0.0276162,3,6,1,25.96613426
21327994,11/03/2013 09:18,11,0.388136574,18/06/2012 14:23,18,0.599710648,5,4,1,2,14,3,-20,Missing,NA,0,-188.9383,2318,0.284500001,4,2,1,265.7884259
23366706,04/02/2013 15:04,4,0.628344907,01/10/2012 12:00,1,0.5,8,3,2,2,20,9,44675340,Fixed,NA,0,1761.816988,2275,-0.38411018,3,6,1,126.1283449
26549424,15/03/2013 09:23,15,0.391006944,08/03/2013 04:28,8,0.186678241,8,4,2,4,22,13,83205676,Missing,12/03/2013,0.3078,1459.038992,2272,0.000000037,1,6,1,7.204328704
25123893,11/01/2013 09:22,11,0.390497685,07/01/2013 11:38,7,0.484907407,5,4,2,3,17,16,729,Missing,NA,0,-2004.302559,2221,2229.524083,4,2,1,3.905590278
24251679,15/02/2013 14:25,15,0.600925926,16/11/2012 10:56,16,0.45568287,5,4,1,5,7,16,0,JIBAR,28/10/2010,5.905,-6.475891924,2211,0.02143841,4,2,1,91.14524306
1896470,24/01/2013 10:57,24,0.456805556,04/03/2008 12:28,4,0.519918981,10,4,1,3,15,8,0,Fixed,NA,6.25,656.54003,2192,0.004841226,3,3,1,1786.936887
25440727,25/01/2013 13:52,25,0.577951389,02/11/2010 15:25,2,0.642939815,2,4,1,3,18,4,50000000,Fixed,NA,10.5,4290.673387,2054,-0.9166335,4,2,1,814.9350116
26580931,11/03/2013 15:01,11,0.626168981,08/03/2013 16:54,8,0.704421296,4,1,2,3,19,3,50000000,LIBOR,07/03/2013,0.28,2030.053348,1960,0.297275801,4,2,1,2.921747685
11744908,13/02/2013 09:02,13,0.376851852,28/09/2010 13:40,28,0.569861111,5,5,2,5,20,4,-438,Missing,NA,0,0.728800001,1906,922.6791601,4,2,1,868.8069907
22668269,14/01/2013 12:31,14,0.522060185,27/12/2012 12:11,27,0.507731481,9,4,1,3,22,3,3000000,Fixed,NA,4.875,4472.487527,1896,-6.293162179,4,2,1,18.0143287
13534271,05/02/2013 16:21,5,0.681388889,31/01/2011 12:00,31,0.5,3,3,2,2,22,12,1,Fixed,NA,0,0.01578,1852,-1.123072685,2,2,1,736.1813889
4408251,10/01/2013 15:49,10,0.659155093,16/05/2012 10:00,16,0.416689815,7,5,2,5,4,15,0,LIBOR,01/01/2013,4.75,0,1823,0,3,5,1,239.2424653
25857350,14/02/2013 11:09,14,0.464618056,08/02/2013 15:48,8,0.658530093,8,3,2,2,7,9,0,Fixed,NA,2.85,2.471821307,1819,0.07837539,3,6,1,5.806087963
25857468,21/02/2013 15:05,21,0.628518519,08/02/2013 15:44,8,0.655740741,8,3,2,2,18,9,0,Fixed,NA,2.28,-74.45187921,1733,0.11930323,3,6,1,12.97277778
20026103,05/02/2013 16:19,5,0.680393519,04/04/2012 11:33,4,0.481759259,3,3,2,7,22,12,1,Fixed,NA,0,0.0000521,1720,0.014049136,2,2,1,307.1986343
24933058,05/03/2013 16:06,5,0.670960648,21/12/2012 14:25,21,0.60087963,7,2,2,7,8,9,10906667,PRIME,31/12/2012,8.5,1718.1735,1718,-8.73E-10,1,2,1,74.07008102
25773461,22/02/2013 08:41,22,0.362233796,06/02/2013 09:30,6,0.396111111,8,3,2,2,20,9,44695154,Fixed,NA,0.3762,548.6742752,1716,0.12197269,3,6,1,15.96612269
25782147,06/03/2013 15:42,6,0.654606481,06/02/2013 12:00,6,0.5,8,4,3,1,22,4,25600000,JIBAR,08/02/2013,5.081,-145.8476158,1690,0.9516592,2,2,1,28.15460648
2337339,24/01/2013 10:57,24,0.456828704,08/07/2008 10:06,8,0.420949074,10,4,1,3,15,8,0,Fixed,NA,3.05,3653.36096,1628,242.3681835,3,3,1,1661.03588
20026103,04/01/2013 10:31,4,0.438344907,31/12/2012 12:00,31,0.5,3,4,2,7,22,12,1,Fixed,NA,0,-0.0173589,1598,0.006762699,2,2,1,3.938344907
24573065,04/01/2013 14:29,4,0.603784722,04/12/2012 16:39,4,0.694085648,8,4,2,2,20,3,-191444044,Missing,04/01/2013,0.3,0,1574,2.96E-12,4,6,1,30.90969907
26093322,01/03/2013 09:06,1,0.379548611,18/02/2013 12:00,18,0.5,8,4,2,2,20,3,0,Fixed,22/02/2013,0.513,0,1568,0,4,6,1,10.87954861
26093322,04/03/2013 08:52,4,0.369826389,18/02/2013 12:00,18,0.5,8,4,2,2,20,3,0,Fixed,22/02/2013,0.513,-3135.470036,1568,0,4,6,1,13.86982639
26093322,05/03/2013 09:13,5,0.384594907,18/02/2013 12:00,18,0.5,8,4,2,2,20,4,0,Fixed,NA,0.513,0,1568,0,4,6,1,14.88459491
25781570,06/03/2013 15:42,6,0.654722222,06/02/2013 12:00,6,0.5,8,4,3,1,22,4,-16200000,JIBAR,06/02/2013,5.081,813.7553218,1568,0.467159688,2,2,1,28.15472222
25292627,17/01/2013 15:12,17,0.633564815,17/08/2012 15:40,17,0.653159722,9,4,2,5,8,19,0,JIBAR,NA,NA,NA,1563,-4.222941649,4,2,1,152.9804051
18547809,25/01/2013 08:50,25,0.368217593,08/09/2010 09:21,8,0.39,3,3,2,7,2,12,0,Missing,NA,0,0.833111,1534,-0.001087813,2,2,1,869.9782176
26084081,04/03/2013 08:51,4,0.369155093,20/02/2013 09:33,20,0.398148148,8,4,2,2,20,3,179082467,Missing,26/02/2013,0.3078,9125.818084,1533,9.09E-13,4,6,1,11.97100694
25098556,11/01/2013 09:22,11,0.390763889,07/01/2013 11:46,7,0.4909375,5,4,2,6,17,16,373,Missing,NA,0,-1284.888636,1529,1534.597483,4,2,1,3.899826389
20026103,01/03/2013 11:30,1,0.479201389,04/04/2012 11:33,4,0.481354167,3,3,2,7,22,12,1,Fixed,NA,0,-0.0087952,1518,0.219230502,2,2,1,330.9978472
26549424,20/03/2013 08:19,20,0.346805556,08/03/2013 04:28,8,0.186678241,8,4,2,4,4,3,83205676,Missing,12/03/2013,0.3078,1459.529127,1516,-0.00207228,4,6,1,12.16012731
25849613,18/02/2013 10:00,18,0.417291667,08/02/2013 12:51,8,0.535648148,1,2,1,6,18,4,128000000,Fixed,NA,4,5285.97302,1508,0.010483148,4,3,1,9.881643519
25312693,21/01/2013 09:12,21,0.383946759,04/01/2012 08:35,4,0.358020833,8,4,2,2,20,3,103288978,Missing,18/01/2013,0,4497.58893,1500,4.00E-09,4,6,1,383.0259259
25613813,14/02/2013 11:08,14,0.464456019,08/02/2013 15:42,8,0.654710648,9,3,2,6,18,4,-181200000,JIBAR,04/02/2013,5.081,-21879.053,1489,91.62425185,4,2,1,5.80974537
24685713,17/01/2013 09:59,17,0.415983796,14/12/2012 10:49,14,0.451168981,8,3,2,2,20,9,70017750,Fixed,NA,0.399,1114.150943,1486,0.6016432,3,6,1,33.96481481
24251679,26/02/2013 09:29,26,0.395601852,16/11/2012 10:56,16,0.45568287,5,4,1,5,7,3,0,JIBAR,28/10/2010,5.905,0.000181905,1465,0.692208477,4,2,1,101.939919
23366735,04/02/2013 15:21,4,0.639988426,01/02/2013 14:30,1,0.604282407,8,3,2,2,20,9,27586940,Fixed,NA,0,1087.918743,1405,-0.23718732,3,6,1,3.035706019
17561576,06/03/2013 16:33,6,0.689733796,25/10/2011 15:30,25,0.646041667,5,4,1,2,22,10,1000000,Fixed,NA,0,0,1375,-0.956357,2,2,1,498.0436921
25312693,22/01/2013 10:29,22,0.437418981,26/09/2012 17:03,26,0.711006944,8,4,2,2,20,3,103288978,Missing,18/01/2013,0,1358.136477,1358,0,4,6,1,117.726412
25312693,23/01/2013 08:22,23,0.348877315,04/01/2012 08:35,4,0.358020833,8,4,2,2,20,3,103288978,Missing,18/01/2013,0,1358.136477,1358,0,4,6,1,384.9908565
26628918,13/03/2013 10:54,13,0.454166667,12/03/2013 11:58,12,0.499236111,2,1,1,3,2,3,-17800000,Fixed,NA,6.25,-3991.682443,1347,-0.4115282,4,2,1,0.954930556
25068896,21/01/2013 09:00,21,0.375439815,14/01/2013 12:00,14,0.5,8,3,2,2,20,9,0,Fixed,NA,0.3078,3362.801139,1344,0.335494647,3,6,1,6.875439815
23830800,09/01/2013 08:20,9,0.347488426,04/01/2012 08:35,4,0.358020833,10,4,1,2,6,4,0,Missing,NA,0,-326.867411,1334,0.24796975,4,3,1,370.9894676
25434512,28/01/2013 08:16,28,0.345092593,25/01/2013 14:45,25,0.61505787,5,4,2,5,22,3,194738,Missing,NA,0,-682.7478403,1325,-0.20813684,4,2,1,2.730034722
24601467,18/01/2013 11:29,18,0.47849537,18/02/2010 12:33,18,0.523055556,8,3,2,2,20,9,24398169,Fixed,NA,0.2736,388.0733572,1323,-1.512486265,3,6,1,1064.95544
1582692,25/01/2013 10:45,25,0.448148148,24/01/2013 10:53,24,0.454050926,7,5,2,5,22,15,0,Missing,01/01/2013,4.8,-0.0001,1315,1.86E-09,3,5,1,0.994097222
25194622,30/01/2013 13:43,30,0.571666667,24/01/2013 17:32,24,0.730775463,8,3,2,2,18,9,0,Fixed,NA,2.85,-132.9982824,1300,-0.0293451,3,6,1,5.840891204
25468208,25/01/2013 11:36,25,0.483935185,24/01/2013 13:59,24,0.58318287,3,3,2,1,11,2,29955,Missing,NA,0,-650.8487046,1225,0.08896361,4,2,1,0.900752315
24251679,06/03/2013 13:07,6,0.546689815,16/11/2012 10:56,16,0.45568287,5,4,1,5,22,16,0,JIBAR,28/10/2010,5.905,-0.000267087,1216,-0.223943878,4,2,1,110.0910069
26137863,22/02/2013 08:00,22,0.333645833,21/02/2013 13:29,21,0.562106481,9,4,2,5,22,16,0,JIBAR,NA,NA,NA,1181,-0.009937094,1,2,1,0.771539352
26549423,13/03/2013 09:28,13,0.395046296,08/03/2013 04:28,8,0.186678241,8,4,2,4,20,3,-83985586,Missing,12/03/2013,0.513,0,1180,0,4,6,1,5.208368056
26549423,14/03/2013 10:52,14,0.453402778,08/03/2013 04:28,8,0.186678241,8,4,2,4,20,3,-83985586,Missing,NA,0.513,0,1180,0,4,6,1,6.266724537
26549423,15/03/2013 09:23,15,0.391145833,08/03/2013 04:28,8,0.186678241,8,4,2,4,20,3,-83985586,Missing,12/03/2013,0.513,0,1180,0,4,6,1,7.204467593
26549423,18/03/2013 08:03,18,0.335648148,08/03/2013 04:28,8,0.186678241,8,4,2,4,20,3,-83985586,Missing,12/03/2013,0.513,-2360.800313,1180,0,4,6,1,10.14896991
26549423,19/03/2013 08:27,19,0.352361111,08/03/2013 04:28,8,0.186678241,8,4,2,4,20,3,-83985586,Missing,12/03/2013,0.513,0,1180,0,4,6,1,11.16568287
26549423,20/03/2013 08:19,20,0.346956019,08/03/2013 04:28,8,0.186678241,8,4,2,4,20,3,-83985586,Missing,12/03/2013,0.513,0,1180,0,4,6,1,12.16027778
24769806,17/01/2013 10:37,17,0.442800926,21/12/2012 13:39,21,0.569039352,8,3,2,2,20,9,55136000,Fixed,NA,0.399,877.3464784,1171,0.47376841,3,6,1,26.87376157
24251679,12/03/2013 09:30,12,0.396319444,16/11/2012 10:56,16,0.45568287,5,4,1,5,7,4,0,JIBAR,28/10/2010,5.905,-0.00000367,1115,0.019412717,4,2,1,115.9406366
24357131,19/02/2013 14:45,19,0.614722222,22/11/2012 15:29,22,0.645439815,3,3,1,5,22,3,10700,Missing,NA,0,-452.35688,1066,-0.000003,4,2,1,88.96928241
22481943,15/03/2013 15:25,15,0.642824074,17/08/2012 15:40,17,0.653159722,1,2,1,6,9,16,105193859,TBILL-3M,13/03/2013,5.04,-1079.016117,1066,-1.841265574,5,2,1,209.9896644
26372418,14/03/2013 14:10,14,0.590451389,01/03/2013 10:45,1,0.448009259,8,3,2,2,20,9,0,Fixed,NA,2.28,-100.0352335,1030,0,3,6,1,13.14244213
26073090,21/02/2013 14:14,21,0.593483796,19/02/2013 14:51,19,0.618761574,3,3,2,5,7,6,-7254370,Missing,NA,0,-1016.99317,1012,1.742350766,4,2,1,1.974722222
